,date,open,high,low,close,volume
0,2021-08-11,0.11496,0.15,0.089,0.11598,471951119.0
1,2021-08-12,0.11599,0.16459,0.10121,0.1111,1081087884.0
2,2021-08-13,0.11142,0.11549,0.09569,0.09909,327855010.0
3,2021-08-14,0.09906,0.10449,0.08942,0.0919,153304163.0
4,2021-08-15,0.09166,0.09299,0.08122,0.08593,147110381.0
5,2021-08-16,0.08603,0.1025,0.08377,0.08694,241899319.0
6,2021-08-17,0.08682,0.0894,0.07519,0.07638,91453737.0
7,2021-08-18,0.07633,0.08185,0.0712,0.07632,77745098.0
8,2021-08-19,0.07639,0.08599,0.07549,0.08132,114693913.0
9,2021-08-20,0.08123,0.08649,0.0805,0.08269,105678678.0
10,2021-08-21,0.08262,0.08493,0.07883,0.07978,75627925.0
11,2021-08-22,0.07975,0.08339,0.0775,0.08013,71345405.0
12,2021-08-23,0.08014,0.083,0.07852,0.0802,107096660.0
13,2021-08-24,0.08044,0.08106,0.07014,0.07215,106485270.0
14,2021-08-25,0.07185,0.07637,0.07007,0.07415,78100063.0
15,2021-08-26,0.07429,0.08026,0.06873,0.07265,148666805.0
16,2021-08-27,0.07276,0.09199,0.07128,0.0849,476663687.0
17,2021-08-28,0.0849,0.08558,0.0794,0.0809,93258239.0
18,2021-08-29,0.0808,0.08215,0.07607,0.07833,102216640.0
19,2021-08-30,0.07841,0.084,0.07251,0.07299,111144102.0
20,2021-08-31,0.07301,0.07549,0.07151,0.07281,49591680.0
21,2021-09-01,0.07289,0.07546,0.071,0.07449,55481621.0
22,2021-09-02,0.07447,0.07758,0.07261,0.07529,78781469.0
23,2021-09-03,0.075,0.07703,0.07312,0.07435,63323608.0
24,2021-09-04,0.07441,0.08899,0.0734,0.08082,236229754.0
25,2021-09-05,0.08081,0.09122,0.07945,0.08351,215038632.0
26,2021-09-06,0.08343,0.0849,0.075,0.07946,132408137.0
27,2021-09-07,0.07947,0.08147,0.05881,0.06681,156552871.0
28,2021-09-08,0.06649,0.073,0.058,0.06497,107189827.0
29,2021-09-09,0.06594,0.07342,0.06446,0.06622,146365425.0
30,2021-09-10,0.06612,0.06861,0.06012,0.06174,76515835.0
31,2021-09-11,0.06178,0.06751,0.06075,0.06226,71073855.0
32,2021-09-12,0.06227,0.0672,0.06123,0.06561,67269493.0
33,2021-09-13,0.06561,0.06644,0.05817,0.06096,59393718.0
34,2021-09-14,0.06099,0.06355,0.05997,0.06248,59809319.0
35,2021-09-15,0.06251,0.0699,0.06171,0.0662,116014743.0
36,2021-09-16,0.06619,0.06964,0.06304,0.06553,106275449.0
37,2021-09-17,0.06552,0.06919,0.06229,0.06407,85062625.0
38,2021-09-18,0.0641,0.06615,0.06264,0.06427,38805271.0
39,2021-09-19,0.06433,0.0657,0.06138,0.06216,51055048.0
40,2021-09-20,0.06212,0.06228,0.05047,0.05369,95734397.0
41,2021-09-21,0.05371,0.05732,0.04806,0.04961,66941054.0
42,2021-09-22,0.04968,0.05576,0.04875,0.05547,42366742.0
43,2021-09-23,0.05543,0.05777,0.05341,0.05704,48266436.0
44,2021-09-24,0.05703,0.05738,0.0491,0.05186,61327613.0
45,2021-09-25,0.05189,0.07,0.04993,0.06728,367448529.0
46,2021-09-26,0.06718,0.07588,0.06444,0.06535,380726074.0
47,2021-09-27,0.06551,0.06676,0.05991,0.06025,265775439.0
48,2021-09-28,0.06023,0.06295,0.056,0.05634,86341804.0
49,2021-09-29,0.05616,0.06194,0.0558,0.06025,65069507.0
50,2021-09-30,0.06025,0.06529,0.05932,0.06036,109464846.0
51,2021-10-01,0.06028,0.06542,0.05933,0.06396,68254988.0
52,2021-10-02,0.06391,0.067,0.0623,0.0633,59254973.0
53,2021-10-03,0.06322,0.06508,0.06139,0.06421,55118755.0
54,2021-10-04,0.06416,0.06504,0.06015,0.0621,68108414.0
55,2021-10-05,0.06212,0.06631,0.06137,0.06514,82087985.0
56,2021-10-06,0.06515,0.08486,0.06514,0.07336,613060307.0
57,2021-10-07,0.07327,0.07415,0.0687,0.069,180728754.0
58,2021-10-08,0.06904,0.07131,0.06751,0.06802,77770045.0
59,2021-10-09,0.06807,0.07406,0.06705,0.07276,93758888.0
60,2021-10-10,0.07268,0.07783,0.06969,0.07018,173895956.0
61,2021-10-11,0.07013,0.07672,0.0686,0.07163,121902163.0
62,2021-10-12,0.0715,0.07385,0.06548,0.06831,83817700.0
63,2021-10-13,0.06825,0.07017,0.06621,0.06783,82451134.0
64,2021-10-14,0.0679,0.07076,0.06728,0.06983,52651123.0
65,2021-10-15,0.06981,0.07081,0.06625,0.06896,94007628.0
66,2021-10-16,0.06898,0.07341,0.06766,0.07083,98472867.0
67,2021-10-17,0.07099,0.07343,0.0631,0.066,64119646.0
68,2021-10-18,0.06611,0.07031,0.06523,0.06692,70589787.0
69,2021-10-19,0.067,0.07221,0.06647,0.06785,102893214.0
70,2021-10-20,0.06783,0.07069,0.06661,0.07012,60538811.0
71,2021-10-21,0.07006,0.07278,0.06677,0.06704,56269408.0
72,2021-10-22,0.06703,0.0692,0.06639,0.068,32823700.0
73,2021-10-23,0.06803,0.06818,0.06605,0.06735,30122588.0
74,2021-10-24,0.06733,0.06776,0.0637,0.06593,44416320.0
75,2021-10-25,0.06586,0.06848,0.06565,0.06706,45391081.0
76,2021-10-26,0.0671,0.06878,0.06573,0.06653,63860478.0
77,2021-10-27,0.06662,0.07278,0.05602,0.05824,156125122.0
78,2021-10-28,0.05836,0.06852,0.05802,0.06295,130245324.0
79,2021-10-29,0.0629,0.06751,0.06254,0.06687,55630878.0
80,2021-10-30,0.06687,0.06994,0.06307,0.06651,154280213.0
81,2021-10-31,0.06645,0.077,0.06612,0.07217,270689413.0
82,2021-11-01,0.07221,0.07471,0.06705,0.07057,69590816.0
83,2021-11-02,0.07047,0.0788,0.06882,0.07822,123690882.0
84,2021-11-03,0.07822,0.39499,0.07664,0.21586,2178405323.0
85,2021-11-04,0.21997,0.498,0.185,0.35979,2083688474.0
86,2021-11-05,0.3598,0.37,0.18,0.19981,840528546.0
87,2021-11-06,0.19936,0.21969,0.18001,0.18681,265323791.0
88,2021-11-07,0.18669,0.20768,0.16804,0.1775,169638043.0
89,2021-11-08,0.17748,0.18,0.15591,0.1566,190946714.0
90,2021-11-09,0.1566,0.299,0.15508,0.28159,816478433.0
91,2021-11-10,0.28159,0.44,0.2666,0.37547,1198792572.0
92,2021-11-11,0.37549,0.385,0.281,0.28171,384562051.0
93,2021-11-12,0.28182,0.3375,0.261,0.32706,281711342.0
94,2021-11-13,0.32551,0.3755,0.28669,0.32523,322957331.0
95,2021-11-14,0.32549,0.355,0.30512,0.32985,153802026.0
96,2021-11-15,0.32994,0.33113,0.29335,0.30001,104211225.0
97,2021-11-16,0.3,0.3325,0.26262,0.30067,147302852.0
98,2021-11-17,0.30017,0.30737,0.2568,0.26453,144901160.0
99,2021-11-18,0.26393,0.27933,0.217,0.21999,149517654.0
100,2021-11-19,0.22,0.28888,0.21853,0.24243,132196301.0
101,2021-11-20,0.24243,0.28,0.24234,0.2543,71928444.0
102,2021-11-21,0.2543,0.26627,0.22956,0.24926,82736798.0
103,2021-11-22,0.24975,0.24999,0.22603,0.22965,61230521.0
104,2021-11-23,0.23,0.24,0.2205,0.22621,65213005.0
105,2021-11-24,0.22604,0.2264,0.19501,0.20508,76262973.0
106,2021-11-25,0.20551,0.238,0.19237,0.21678,93343793.0
107,2021-11-26,0.21685,0.2225,0.18498,0.19584,60979016.0
108,2021-11-27,0.19615,0.2358,0.19275,0.20039,76521515.0
109,2021-11-28,0.20015,0.23124,0.19406,0.20428,72656730.0
110,2021-11-29,0.20401,0.21326,0.19817,0.20001,36010501.0
111,2021-11-30,0.2,0.20681,0.188,0.19441,42576574.0
112,2021-12-01,0.19442,0.235,0.19129,0.2296,83799269.0
113,2021-12-02,0.23,0.28801,0.20181,0.21731,282678774.0
114,2021-12-03,0.21728,0.24752,0.20515,0.2075,105212223.0
115,2021-12-04,0.20776,0.21,0.1666,0.18937,74960538.0
116,2021-12-05,0.18961,0.19006,0.17436,0.17853,30350537.0
117,2021-12-06,0.17863,0.19241,0.16608,0.1849,42083386.0
118,2021-12-07,0.18492,0.18781,0.17483,0.177,23984784.0
119,2021-12-08,0.17721,0.188,0.1712,0.17848,21137741.0
120,2021-12-09,0.17806,0.18229,0.16,0.16584,33437263.0
121,2021-12-10,0.16584,0.17188,0.15482,0.157,37990845.0
122,2021-12-11,0.15697,0.16129,0.15327,0.1562,20751635.0
123,2021-12-12,0.15621,0.16171,0.15213,0.15565,25383869.0
124,2021-12-13,0.15565,0.15593,0.13263,0.13599,33225752.0
125,2021-12-14,0.13599,0.19,0.13598,0.16594,106932068.0
126,2021-12-15,0.16624,0.22395,0.15654,0.17811,185380273.0
127,2021-12-16,0.17812,0.18363,0.16411,0.16505,41780175.0
128,2021-12-17,0.16556,0.17895,0.1542,0.15622,32980187.0
129,2021-12-18,0.15597,0.16249,0.154,0.155,17555222.0
130,2021-12-19,0.155,0.15623,0.14721,0.15042,21633817.0
131,2021-12-20,0.15018,0.16,0.1425,0.155,32315624.0
132,2021-12-21,0.155,0.16333,0.14525,0.15941,27118503.0
133,2021-12-22,0.15941,0.1595,0.152,0.1528,20437492.0
134,2021-12-23,0.15279,0.17202,0.14849,0.1634,47109041.0
135,2021-12-24,0.16337,0.185,0.16092,0.16565,49302914.0
136,2021-12-25,0.16566,0.17703,0.16417,0.16602,15948793.0
137,2021-12-26,0.16612,0.16781,0.16325,0.16522,12752979.0
138,2021-12-27,0.16517,0.1731,0.16337,0.16753,17973683.0
139,2021-12-28,0.16771,0.16774,0.14671,0.15442,19570788.0
140,2021-12-29,0.15517,0.15775,0.14589,0.14675,11615604.0
141,2021-12-30,0.14691,0.15287,0.1428,0.15003,14409399.0
142,2021-12-31,0.15003,0.1557,0.145,0.14796,17633288.0
143,2022-01-01,0.14803,0.159,0.14548,0.15555,21477513.0
144,2022-01-02,0.1552,0.15784,0.15005,0.15244,11860000.0
145,2022-01-03,0.15241,0.15375,0.14544,0.1476,12778042.0
146,2022-01-04,0.1476,0.14937,0.1439,0.14428,9882896.0
147,2022-01-05,0.144,0.157,0.133,0.139,21831727.0
148,2022-01-06,0.13902,0.13935,0.13111,0.13687,14702232.0
149,2022-01-07,0.13695,0.13721,0.125,0.12707,11989901.0
150,2022-01-08,0.12803,0.13348,0.1147,0.12283,14951423.0
151,2022-01-09,0.12285,0.145,0.12073,0.131,21624049.0
152,2022-01-10,0.13101,0.1485,0.11931,0.12423,28774388.0
153,2022-01-11,0.12442,0.13311,0.12432,0.12851,10352050.0
154,2022-01-12,0.12851,0.13658,0.128,0.1315,11647411.0
155,2022-01-13,0.13169,0.13329,0.12281,0.12502,8056131.0
156,2022-01-14,0.12514,0.12766,0.123,0.12571,9034344.0
157,2022-01-15,0.12567,0.135,0.1245,0.12536,11313143.0
158,2022-01-16,0.12524,0.13188,0.125,0.12706,7511802.0
159,2022-01-17,0.127,0.12927,0.12217,0.12251,8303366.0
160,2022-01-18,0.12247,0.1237,0.11092,0.11572,32154399.0
161,2022-01-19,0.11606,0.11918,0.11018,0.11218,15585800.0
162,2022-01-20,0.11236,0.12,0.10963,0.10985,11049628.0
163,2022-01-21,0.10975,0.11138,0.08562,0.09275,23905763.0
164,2022-01-22,0.09275,0.09294,0.07346,0.08192,25339512.0
165,2022-01-23,0.08214,0.13,0.08152,0.11511,79053599.0
166,2022-01-24,0.11541,0.12324,0.08804,0.10662,38556226.0
167,2022-01-25,0.1064,0.10727,0.09219,0.10004,22670277.0
168,2022-01-26,0.10016,0.10295,0.09211,0.09589,17170583.0
169,2022-01-27,0.09588,0.097,0.08608,0.09166,12241695.0
170,2022-01-28,0.09165,0.09387,0.08922,0.09086,8450077.0
171,2022-01-29,0.09102,0.09542,0.0903,0.09382,9852791.0
172,2022-01-30,0.09394,0.09452,0.08899,0.09025,7709593.0
173,2022-01-31,0.09016,0.09193,0.08893,0.09042,9623850.0
174,2022-02-01,0.09041,0.09519,0.0899,0.09271,11636084.0
175,2022-02-02,0.0927,0.094,0.08677,0.08778,10732021.0
176,2022-02-03,0.08773,0.08984,0.08553,0.08638,7209544.0
177,2022-02-04,0.08598,0.09324,0.08505,0.09299,10796259.0
178,2022-02-05,0.09284,0.09809,0.09165,0.09278,14076478.0
179,2022-02-06,0.09278,0.097,0.09014,0.0924,11036471.0
180,2022-02-07,0.09249,0.12808,0.0913,0.1208,62977588.0
181,2022-02-08,0.12078,0.16025,0.11487,0.14803,151901386.0
182,2022-02-09,0.14782,0.17742,0.133,0.14342,99758555.0
183,2022-02-10,0.14346,0.14855,0.12594,0.12653,33867862.0
184,2022-02-11,0.12678,0.13828,0.11902,0.12076,23396734.0
185,2022-02-12,0.1207,0.12224,0.1175,0.1193,8264031.0
186,2022-02-13,0.11932,0.125,0.11178,0.11389,11594212.0
187,2022-02-14,0.11443,0.11714,0.11,0.11231,10316192.0
188,2022-02-15,0.11211,0.14755,0.11,0.13601,42394903.0
189,2022-02-16,0.13595,0.13629,0.1234,0.12871,16039206.0
190,2022-02-17,0.12878,0.13306,0.11382,0.11726,13283677.0
191,2022-02-18,0.1169,0.12004,0.11233,0.1138,7342347.0
192,2022-02-19,0.11357,0.119,0.11131,0.11274,9879615.0
193,2022-02-20,0.11266,0.11374,0.10737,0.10841,6020364.0
194,2022-02-21,0.10879,0.1196,0.10427,0.10466,13206473.0
195,2022-02-22,0.1044,0.10614,0.09881,0.1057,13034415.0
196,2022-02-23,0.1059,0.11253,0.1008,0.10083,10093841.0
197,2022-02-24,0.10084,0.105,0.08789,0.09911,21562621.0
198,2022-02-25,0.09909,0.1083,0.09886,0.10483,8712952.0
199,2022-02-26,0.1049,0.10999,0.102,0.10548,9225553.0
200,2022-02-27,0.10601,0.10662,0.1,0.10102,6261767.0
201,2022-02-28,0.10132,0.11,0.09796,0.10968,10952048.0
202,2022-03-01,0.10998,0.1127,0.101,0.10536,12649852.0
203,2022-03-02,0.10562,0.10959,0.10272,0.10478,5728507.0
204,2022-03-03,0.10534,0.10578,0.10006,0.10143,5239051.0
205,2022-03-04,0.10145,0.10347,0.095,0.09604,6544549.0
206,2022-03-05,0.09603,0.10643,0.0955,0.10343,8735977.0
207,2022-03-06,0.10336,0.11,0.09822,0.09872,10541019.0
208,2022-03-07,0.09875,0.1005,0.09388,0.09469,7366607.0
209,2022-03-08,0.09469,0.09886,0.09387,0.09552,5313204.0
210,2022-03-09,0.09535,0.10424,0.0948,0.09978,9856534.0
211,2022-03-10,0.09916,0.10028,0.0938,0.09532,5670024.0
212,2022-03-11,0.09532,0.09697,0.09012,0.09236,6293336.0
213,2022-03-12,0.09255,0.09401,0.08901,0.08993,3966962.0
214,2022-03-13,0.09036,0.09292,0.08701,0.08898,6107686.0
215,2022-03-14,0.08913,0.09327,0.08724,0.09188,7541525.0
216,2022-03-15,0.09128,0.11,0.09021,0.10046,34652001.0
217,2022-03-16,0.1,0.105,0.09605,0.09983,17201727.0
218,2022-03-17,0.10016,0.10108,0.0931,0.09613,10910052.0
219,2022-03-18,0.09613,0.09848,0.09123,0.09582,16016911.0
220,2022-03-19,0.09578,0.099,0.09462,0.09691,14714924.0
221,2022-03-20,0.09717,0.09878,0.093,0.09563,10245020.0
222,2022-03-21,0.09556,0.09655,0.09246,0.09377,9817714.0
223,2022-03-22,0.09345,0.11086,0.09331,0.104,43403678.0
224,2022-03-23,0.104,0.11,0.09828,0.10253,26602006.0
225,2022-03-24,0.10237,0.10305,0.09993,0.1015,18678875.0
226,2022-03-25,0.10162,0.1095,0.1001,0.10171,26575142.0
227,2022-03-26,0.10193,0.10591,0.10112,0.10207,8453138.0
228,2022-03-27,0.10189,0.1063,0.10064,0.1047,9508772.0
229,2022-03-28,0.1047,0.10742,0.10262,0.10285,20699178.0
230,2022-03-29,0.10289,0.11699,0.10281,0.10871,30896384.0
231,2022-03-30,0.10871,0.11235,0.10613,0.10686,11511739.0
232,2022-03-31,0.10687,0.12663,0.10615,0.11471,56620074.0
233,2022-04-01,0.11525,0.12108,0.10894,0.11638,21328630.0
234,2022-04-02,0.11639,0.11866,0.11442,0.11448,7340080.0
235,2022-04-03,0.11492,0.11728,0.11286,0.1159,6048870.0
236,2022-04-04,0.11552,0.1173,0.11121,0.1121,8274680.0
237,2022-04-05,0.1121,0.11389,0.10586,0.10746,9465772.0
238,2022-04-06,0.10789,0.10789,0.09574,0.09599,15594456.0
239,2022-04-07,0.09581,0.09935,0.09263,0.0972,10681363.0
240,2022-04-08,0.09707,0.09895,0.09236,0.09425,7310537.0
241,2022-04-09,0.09481,0.09801,0.09425,0.09676,2973464.0
242,2022-04-10,0.09676,0.09935,0.09423,0.09424,4615773.0
243,2022-04-11,0.09466,0.09599,0.08802,0.08857,7367155.0
244,2022-04-12,0.08867,0.09453,0.0875,0.09045,9874567.0
245,2022-04-13,0.09045,0.09409,0.0894,0.09215,5356663.0
246,2022-04-14,0.09254,0.09331,0.08799,0.08855,5088518.0
247,2022-04-15,0.08875,0.09179,0.0872,0.09022,6146324.0
248,2022-04-16,0.09022,0.09214,0.08889,0.08986,3243940.0
249,2022-04-17,0.08959,0.09164,0.08905,0.08935,2563496.0
250,2022-04-18,0.08935,0.0903,0.087,0.08912,6025448.0
251,2022-04-19,0.08942,0.0914,0.0883,0.09015,3973759.0
252,2022-04-20,0.0903,0.09249,0.08916,0.08916,4947104.0
253,2022-04-21,0.08916,0.09384,0.08845,0.08961,5660959.0
254,2022-04-22,0.08899,0.09092,0.08817,0.08928,4152831.0
255,2022-04-23,0.08913,0.08976,0.08775,0.08796,3446658.0
256,2022-04-24,0.088,0.09064,0.08604,0.08629,8084790.0
257,2022-04-25,0.08631,0.08721,0.08307,0.08405,6404513.0
258,2022-04-26,0.08424,0.0855,0.07971,0.08095,6682924.0
259,2022-04-27,0.08097,0.08352,0.0804,0.08059,4007777.0
260,2022-04-28,0.08052,0.08161,0.07749,0.07911,6809203.0
261,2022-04-29,0.07902,0.07928,0.07434,0.07456,8968765.0
262,2022-04-30,0.07488,0.07657,0.07209,0.07437,5170412.0
263,2022-05-01,0.07437,0.07462,0.06586,0.07063,12240745.0
264,2022-05-02,0.07063,0.08109,0.06605,0.07001,15754545.0
265,2022-05-03,0.06992,0.07295,0.06728,0.06865,4340233.0
266,2022-05-04,0.06869,0.07949,0.068,0.07406,7879523.0
267,2022-05-05,0.07424,0.07781,0.066,0.06784,6635230.0
268,2022-05-06,0.06801,0.06898,0.06517,0.06815,4632889.0
269,2022-05-07,0.06801,0.06936,0.06521,0.06611,3989105.0
270,2022-05-08,0.06584,0.06636,0.06167,0.0634,5105542.0
271,2022-05-09,0.06378,0.06436,0.05,0.05049,18742289.0
272,2022-05-10,0.05048,0.06,0.0495,0.05246,9557342.0
273,2022-05-11,0.05192,0.05548,0.03163,0.03787,27736415.0
274,2022-05-12,0.03777,0.04076,0.02919,0.03356,27796562.0
275,2022-05-13,0.03341,0.05009,0.03332,0.04147,23104102.0
276,2022-05-14,0.04142,0.04274,0.03647,0.04029,12299567.0
277,2022-05-15,0.0403,0.04709,0.03952,0.04617,9762046.0
278,2022-05-16,0.0463,0.0463,0.04025,0.04184,10109045.0
279,2022-05-17,0.04194,0.04662,0.04114,0.04339,10323332.0
280,2022-05-18,0.04345,0.04552,0.04108,0.04149,6930783.0
281,2022-05-19,0.04126,0.0425,0.04,0.04208,7269633.0
282,2022-05-20,0.0423,0.046,0.04,0.04153,9178570.0
283,2022-05-21,0.04156,0.04575,0.04071,0.04321,8622217.0
284,2022-05-22,0.04332,0.04667,0.04194,0.04667,13483309.0
285,2022-05-23,0.04646,0.0467,0.04236,0.04318,9711247.0
286,2022-05-24,0.04308,0.04477,0.04111,0.04275,5540741.0
287,2022-05-25,0.04265,0.04458,0.04194,0.04311,4281024.0
288,2022-05-26,0.0431,0.04367,0.03812,0.04027,5996951.0
289,2022-05-27,0.04009,0.04405,0.0375,0.04028,9839994.0
290,2022-05-28,0.04031,0.041,0.03889,0.04001,2278901.0
291,2022-05-29,0.04,0.04222,0.03969,0.04168,3229882.0
292,2022-05-30,0.04167,0.0588,0.04138,0.05292,42579546.0
293,2022-05-31,0.05295,0.05305,0.046,0.04765,19853108.0
294,2022-06-01,0.04765,0.04848,0.04328,0.04442,11122628.0
295,2022-06-02,0.04439,0.04698,0.043,0.04555,5519446.0
296,2022-06-03,0.04582,0.048,0.0443,0.04517,8192933.0
297,2022-06-04,0.04494,0.04641,0.0445,0.04537,4193135.0
298,2022-06-05,0.04532,0.04622,0.04408,0.04544,5581319.0
299,2022-06-06,0.04566,0.04592,0.04404,0.04513,6429265.0
300,2022-06-07,0.0451,0.0462,0.04403,0.04472,7202182.0
301,2022-06-08,0.0447,0.04565,0.04182,0.04353,7425729.0
302,2022-06-09,0.04367,0.04414,0.04232,0.04309,3300168.0
303,2022-06-10,0.04283,0.05416,0.04171,0.04299,39595936.0
304,2022-06-11,0.04341,0.04371,0.03606,0.03947,15541145.0
305,2022-06-12,0.03906,0.04002,0.0354,0.03614,8168615.0
306,2022-06-13,0.03619,0.03624,0.03,0.0326,14814217.0
307,2022-06-14,0.03229,0.03673,0.03003,0.03267,14662325.0
308,2022-06-15,0.03248,0.035,0.03,0.0343,10726286.0
309,2022-06-16,0.03446,0.03481,0.03145,0.03193,7931708.0
310,2022-06-17,0.03182,0.03202,0.03105,0.03201,5275687.0
311,2022-06-18,0.03201,0.03202,0.02695,0.02948,10093814.0
312,2022-06-19,0.02946,0.03215,0.02813,0.03187,8724016.0
313,2022-06-20,0.03207,0.03372,0.03105,0.03328,7191514.0
314,2022-06-21,0.03319,0.035,0.0324,0.03325,8183891.0
315,2022-06-22,0.03325,0.03333,0.032,0.03203,3915036.0
316,2022-06-23,0.03203,0.03502,0.03102,0.03369,12068508.0
317,2022-06-24,0.03391,0.03697,0.03227,0.0358,8581846.0
318,2022-06-25,0.0358,0.04499,0.03552,0.04078,20538025.0
319,2022-06-26,0.0406,0.04466,0.0375,0.03773,18425114.0
320,2022-06-27,0.0375,0.03896,0.0359,0.03714,7486570.0
321,2022-06-28,0.03684,0.039,0.0351,0.03531,7380153.0
322,2022-06-29,0.03567,0.03806,0.03522,0.03698,8667751.0
323,2022-06-30,0.0368,0.03845,0.03431,0.03508,10433620.0
324,2022-07-01,0.03528,0.03766,0.03435,0.03461,7420389.0
325,2022-07-02,0.03435,0.03604,0.03422,0.03532,4212371.0
326,2022-07-03,0.03533,0.0358,0.03437,0.035,5182654.0
327,2022-07-04,0.03516,0.03618,0.03441,0.03556,6280560.0
328,2022-07-05,0.03552,0.03618,0.03456,0.0348,5357937.0
329,2022-07-06,0.03493,0.04075,0.034,0.03651,15324476.0
330,2022-07-07,0.03613,0.03897,0.03455,0.03779,14168630.0
331,2022-07-08,0.03737,0.044,0.03721,0.03798,25387899.0
332,2022-07-09,0.03805,0.03999,0.03768,0.03853,7699894.0
333,2022-07-10,0.03886,0.03906,0.0375,0.03784,3176561.0
334,2022-07-11,0.03808,0.03808,0.036,0.03622,4315022.0
335,2022-07-12,0.03622,0.03679,0.03503,0.03523,4830695.0
336,2022-07-13,0.03508,0.04097,0.03437,0.03575,13846351.0
337,2022-07-14,0.03574,0.03887,0.03443,0.03672,10860105.0
338,2022-07-15,0.03674,0.03796,0.03571,0.03678,7106072.0
339,2022-07-16,0.03687,0.04,0.0365,0.03825,16265079.0
340,2022-07-17,0.03816,0.0395,0.03731,0.03787,6291229.0
341,2022-07-18,0.03771,0.0415,0.03765,0.03913,12120896.0
342,2022-07-19,0.03914,0.04244,0.03755,0.04064,13567300.0
343,2022-07-20,0.04073,0.04469,0.03621,0.03863,19124771.0
344,2022-07-21,0.03862,0.04099,0.03558,0.04042,9797113.0
345,2022-07-22,0.04061,0.04149,0.03771,0.03853,5724909.0
346,2022-07-23,0.03856,0.04015,0.03844,0.03963,4854268.0
347,2022-07-24,0.0394,0.04,0.0387,0.03967,3716226.0
348,2022-07-25,0.03969,0.03989,0.03868,0.03895,6327369.0
349,2022-07-26,0.03914,0.03914,0.03565,0.03671,5462432.0
350,2022-07-27,0.03675,0.0411,0.03651,0.0407,8377090.0
351,2022-07-28,0.04051,0.04158,0.03793,0.04089,12614642.0
352,2022-07-29,0.04062,0.04135,0.03944,0.0403,7439511.0
353,2022-07-30,0.0403,0.04265,0.0397,0.04041,10364224.0
354,2022-07-31,0.04044,0.04181,0.03926,0.0401,5929763.0
355,2022-08-01,0.0401,0.04161,0.03915,0.04026,6800725.0
356,2022-08-02,0.04053,0.04064,0.039,0.03987,4718933.0
357,2022-08-03,0.04008,0.04311,0.03941,0.04166,11192615.0
358,2022-08-04,0.0414,0.04276,0.04037,0.04092,6428103.0
359,2022-08-05,0.04096,0.04185,0.04012,0.04167,4839960.0
360,2022-08-06,0.04153,0.04219,0.04121,0.04169,3096502.0
361,2022-08-07,0.04184,0.04271,0.04066,0.04131,4149346.0
362,2022-08-08,0.04115,0.04258,0.04096,0.04199,5119199.0
363,2022-08-09,0.042,0.04248,0.04055,0.04096,3461219.0
364,2022-08-10,0.04083,0.04179,0.03964,0.04139,7565173.0
365,2022-08-11,0.04139,0.04267,0.04075,0.04186,12363963.0
366,2022-08-12,0.04198,0.04239,0.04139,0.04177,3477487.0
367,2022-08-13,0.04174,0.04341,0.04122,0.04253,7613928.0
368,2022-08-14,0.04272,0.04342,0.04105,0.04136,5949567.0
369,2022-08-15,0.04141,0.0514,0.0412,0.04618,39017455.0
370,2022-08-16,0.04619,0.04629,0.04244,0.04359,17979511.0
371,2022-08-17,0.04352,0.04434,0.04089,0.04142,9477750.0
372,2022-08-18,0.0416,0.04239,0.04013,0.04096,5677301.0
373,2022-08-19,0.041,0.04137,0.03815,0.03872,8465051.0
374,2022-08-20,0.03882,0.03972,0.03773,0.03856,5915225.0
375,2022-08-21,0.03856,0.04091,0.03836,0.04043,5924800.0
376,2022-08-22,0.0402,0.04249,0.03896,0.03979,11867322.0
377,2022-08-23,0.03975,0.0403,0.03833,0.03923,5226441.0
378,2022-08-24,0.03953,0.04287,0.03892,0.04109,8328936.0
379,2022-08-25,0.04138,0.04238,0.04069,0.04197,5320916.0
380,2022-08-26,0.04187,0.0425,0.03867,0.03878,5791139.0
381,2022-08-27,0.03878,0.04088,0.03861,0.03875,7372077.0
382,2022-08-28,0.03876,0.03917,0.03772,0.03773,6740612.0
383,2022-08-29,0.03777,0.03877,0.03651,0.03855,5919564.0
384,2022-08-30,0.03846,0.03976,0.03754,0.03775,5026007.0
385,2022-08-31,0.03776,0.03953,0.03718,0.03769,5230929.0
386,2022-09-01,0.03776,0.03839,0.03718,0.03791,2617465.0
387,2022-09-02,0.03794,0.03947,0.03759,0.03845,4979924.0
388,2022-09-03,0.03839,0.03859,0.03754,0.03766,2113381.0
389,2022-09-04,0.03776,0.03856,0.0376,0.0381,3044260.0
390,2022-09-05,0.03815,0.04486,0.03771,0.04147,28470142.0
391,2022-09-06,0.04158,0.0422,0.03752,0.0383,11351254.0
392,2022-09-07,0.03825,0.03894,0.03702,0.03815,8240792.0
393,2022-09-08,0.03816,0.03867,0.03736,0.03792,6105753.0
394,2022-09-09,0.03792,0.03979,0.03764,0.03942,6690153.0
395,2022-09-10,0.03944,0.03975,0.03838,0.03884,3120135.0
396,2022-09-11,0.03893,0.03956,0.03845,0.03891,3328681.0
397,2022-09-12,0.03881,0.03994,0.03808,0.03867,5428472.0
398,2022-09-13,0.03868,0.03911,0.03597,0.0373,11186387.0
399,2022-09-14,0.03719,0.04044,0.037,0.03795,11258943.0
400,2022-09-15,0.03773,0.03805,0.03615,0.03682,5081302.0
401,2022-09-16,0.03674,0.03757,0.03568,0.0358,6315751.0
402,2022-09-17,0.03584,0.03724,0.03562,0.03711,4725180.0
403,2022-09-18,0.03705,0.03734,0.03364,0.03424,6526927.0
404,2022-09-19,0.03421,0.03574,0.03399,0.03496,4245641.0
405,2022-09-20,0.03484,0.03526,0.03364,0.03413,4244439.0
406,2022-09-21,0.03398,0.03502,0.03217,0.033,8185649.0
407,2022-09-22,0.03288,0.03482,0.03288,0.03412,5274061.0
408,2022-09-23,0.03424,0.03489,0.03352,0.03414,4573665.0
409,2022-09-24,0.034,0.03472,0.03346,0.03358,3478986.0
410,2022-09-25,0.03365,0.03504,0.03346,0.03382,6492615.0
411,2022-09-26,0.03386,0.0351,0.03332,0.03459,4681893.0
412,2022-09-27,0.03447,0.03562,0.0333,0.03382,6005431.0
413,2022-09-28,0.03405,0.03413,0.03259,0.03305,4854735.0
414,2022-09-29,0.03313,0.03384,0.0325,0.03357,4470656.0
415,2022-09-30,0.03373,0.03406,0.03285,0.03297,3836996.0
416,2022-10-01,0.03301,0.03338,0.0325,0.03266,3471811.0
417,2022-10-02,0.03264,0.03294,0.03215,0.03219,3312098.0
418,2022-10-03,0.03215,0.03254,0.03112,0.03202,4863728.0
419,2022-10-04,0.0321,0.03262,0.03185,0.03202,4777582.0
420,2022-10-05,0.03206,0.03258,0.03121,0.03134,6016237.0
421,2022-10-06,0.03134,0.0325,0.031,0.03171,6142765.0
422,2022-10-07,0.03182,0.03598,0.03059,0.03122,17586758.0
423,2022-10-08,0.03123,0.03418,0.03114,0.03307,8266106.0
424,2022-10-09,0.03319,0.03348,0.03157,0.0318,7064512.0
425,2022-10-10,0.03189,0.03218,0.03102,0.03115,5880663.0
426,2022-10-11,0.03115,0.03121,0.03013,0.03036,4402562.0
